CREATE TABLE LOG
(
  LOGCOD INTEGER NOT NULL PRIMARY KEY,
  LOGNOME VARCHAR NOT NULL
);

CREATE TABLE SESSAO
(

  SESSCOD INTEGER NOT NULL PRIMARY KEY,
  SESSIP VARCHAR NOT NULL,
  SESSUSUARIO VARCHAR NOT NULL,
  LOGCOD INTEGER NOT NULL,
  
  FOREIGN KEY(LOGCOD) REFERENCES LOG

);

INSERT INTO LOG (LOGCOD,LOGNOME) VALUES (01,'LOG_01');
INSERT INTO LOG (LOGCOD,LOGNOME) VALUES (02,'LOG_02');
INSERT INTO LOG (LOGCOD,LOGNOME) VALUES (03,'LOG_03');
INSERT INTO LOG (LOGCOD,LOGNOME) VALUES (04,'LOG0_4');

INSERT INTO SESSAO(SESSCOD,SESSIP,SESSUSUARIO,LOGCOD) VALUES (01,'192.168.1.101','Admin',01);
INSERT INTO SESSAO(SESSCOD,SESSIP,SESSUSUARIO,LOGCOD) VALUES (01,'192.168.1.102','Ely',02);
INSERT INTO SESSAO(SESSCOD,SESSIP,SESSUSUARIO,LOGCOD) VALUES (01,'192.168.1.103','Fernando',03);
INSERT INTO SESSAO(SESSCOD,SESSIP,SESSUSUARIO,LOGCOD) VALUES (01,'192.168.1.104	','UsuarioComum',04);

CREATE TABLE PAGINA(

  PAGCOD INTEGER NOT NULL PRIMARY KEY,
  PAGCODHTML VARCHAR NOT NULL,
  PAGCONTEUDO VARCHAR NOT NULL,
  PAGTITULO VARCHAR NOT NULL,
  PAGTAMANHO DOUBLE PRECISION NOT NULL,
  PAGURL VARCHAR NOT NULL,
  PAGTEXTOPURO VARCHAR NOT NULL,
  PAGTAMANHOREAL DOUBLE PRECISION NOT NULL

);

CREATE TABLE LINK
(

  LINKCOD INTEGER NOT NULL PRIMARY KEY,
  LINKURL VARCHAR NOT NULL,
  LINKVIZINHANCA VARCHAR NOT NULL,
  LINKTEXTO VARCHAR NOT NULL
  
);

CREATE TABLE APONTA(

  PAGCOD INTEGER NOT NULL,
  LINKCOD INTEGER NOT NULL,
  
  FOREIGN KEY (PAGCOD) REFERENCES PAGINA,
  FOREIGN KEY (LINKCOD) REFERENCES LINK

);

INSERT INTO PAGINA (PADCOD,PAGCODHTML,PAGCONTEUDO,PAGTITULO,PAGTAMANHO,PAGURL,PAGTEXTOPURO,PAGTAMANHOREAL) 
VALUES (01,'<meta>','Esportes','Futebol',120,'www.globo.com',140);

INSERT INTO PAGINA (PADCOD,PAGCODHTML,PAGCONTEUDO,PAGTITULO,PAGTAMANHO,PAGURL,PAGTEXTOPURO,PAGTAMANHOREAL) 
VALUES (02,'<head>','Esportes','Fórmula 1',200,'www.globo.com',220);

INSERT INTO PAGINA (PADCOD,PAGCODHTML,PAGCONTEUDO,PAGTITULO,PAGTAMANHO,PAGURL,PAGTEXTOPURO,PAGTAMANHOREAL) 
VALUES (03,'<body>','Música','Dia Internacional do Rock',100,'www.globo.com',100);

INSERT INTO PAGINA (PADCOD,PAGCODHTML,PAGCONTEUDO,PAGTITULO,PAGTAMANHO,PAGURL,PAGTEXTOPURO,PAGTAMANHOREAL) 
VALUES (04,'<div>','Saúde','Descoberto a cura da diabetes!',120,'www.globo.com',120);
/*-----------*/
INSERT INTO LINK (LINKCOD,LINKURL,LINKVIZINHANCA,LINKTEXTO) 
VALUES (01,'www.globo.com/esporte/futebol','www.globo.com','Esportes');

INSERT INTO LINK (LINKCOD,LINKURL,LINKVIZINHANCA,LINKTEXTO) 
VALUES (02,'www.globo.com/esporte/f1','www.globo.com','Esportes');

INSERT INTO LINK (LINKCOD,LINKURL,LINKVIZINHANCA,LINKTEXTO) 
VALUES (03,'www.globo.com/musica/diainternacionalrock','www.globo.com','Música');

INSERT INTO LINK (LINKCOD,LINKURL,LINKVIZINHANCA,LINKTEXTO) 
VALUES (04,'www.globo.com/saude/vacinadiabetes','www.globo.com','Saúde');

/*----*/


INSERT INTO APONTA (PAGCOD,LINKCOD) VALUES (01,01);
INSERT INTO APONTA (PAGCOD,LINKCOD) VALUES (02,02);
INSERT INTO APONTA (PAGCOD,LINKCOD) VALUES (03,03);
INSERT INTO APONTA (PAGCOD,LINKCOD) VALUES (04,04);

CREATE TABLE REQUISICAO(

  REQCOD INTEGER NOT NULL PRIMARY KEY,
  HTTPCOD VARCHAR NOT NULL,
  REQTEMPOTRANSCORRIDO TIME NOT NULL,
  REDCARIMBO TIME NOT NULL,
  
  SESSCOD INTEGER NOT NULL,
  PAGCOD INTEGER NOT NULL,
  
  FOREIGN KEY (SESSCOD) REFERENCES SESSAO,
  FOREIGN KEY (PAGCOD) REFERENCES PAGINA

);

INSERT INTO REQCOD (REQCOD,HTTPCOD,REQTEMPOTRANSCORRIDO,REDCARIMBO)
VALUES ();