CREATE TABLE DEPARTAMENTO (
  DEPCODIGO BIGINT PRIMARY KEY,
  DEPNOME   VARCHAR NOT NULL
);


CREATE TABLE EMPREGADO (
   EMPCODIGO BIGINT PRIMARY KEY,
   EMPNOME   VARCHAR NOT NULL,
   EMPSALARIO NUMERIC(10,2) NOT NULL,
   EMPDATANASC DATE NOT NULL
);

CREATE TABLE LOTACAO (
  LOTDATAINI    DATE NOT NULL,
  LOTSALARIOINI NUMERIC(10,2) NOT NULL,
  LOTDATAFIM    DATE NOT NULL,
  LOTSALARIOFIM NUMERIC(10,2) NOT NULL,
  DEPCODIGO BIGINT NOT NULL,
  EMPCODIGO BIGINT NOT NULL,
  FOREIGN KEY(DEPCODIGO) REFERENCES DEPARTAMENTO,
  FOREIGN KEY(EMPCODIGO) REFERENCES EMPREGADO
);

/* inserir 3 departamentos, 5 empregados e relacioná-los na tabela lotacao. */

INSERT INTO DEPARTAMENTO (DEPCODIGO,DEPNOME) VALUES (1,'Departamento Administrador');
INSERT INTO DEPARTAMENTO (DEPCODIGO,DEPNOME) VALUES (2,'Departamento Limpeza');
INSERT INTO DEPARTAMENTO (DEPCODIGO,DEPNOME) VALUES (3,'Departamento Financeiro');
INSERT INTO DEPARTAMENTO (DEPCODIGO,DEPNOME) VALUES (4,'Departamento Auxiliar');
INSERT INTO DEPARTAMENTO (DEPCODIGO,DEPNOME) VALUES (5,'Departamento Transporte');


/*INSERIR 5 EMPREGADOS*/

INSERT INTO EMPREGADO (EMPCODIGO,EMPNOME,EMPSALARIO,EMPDATANASC) VALUES (10,'Ely Torres Neto',1000.00,'2005-05-23');
INSERT INTO EMPREGADO (EMPCODIGO,EMPNOME,EMPSALARIO,EMPDATANASC) VALUES (11,'Mariana Reischak',1000.00,'2004-07-26');
INSERT INTO EMPREGADO (EMPCODIGO,EMPNOME,EMPSALARIO,EMPDATANASC) VALUES (12,'João da Bica',600.000,'2002-05-30');
INSERT INTO EMPREGADO (EMPCODIGO,EMPNOME,EMPSALARIO,EMPDATANASC) VALUES (13,'Flávio do Pneu',2000.00,'1998-02-12');
INSERT INTO EMPREGADO (EMPCODIGO,EMPNOME,EMPSALARIO,EMPDATANASC) VALUES (14,'Roberto Oliveira',3000.00,'1980-03-20');

/*INSERIR LOTACAO*/

INSERT INTO LOTACAO (LOTDATAINI,LOTSALARIOINI,LOTDATAFIM,LOTSALARIOFIM,DEPCODIGO,EMPCODIGO) VALUES	('2022-05-23',1000.00,'2022-05-30',3000.00,1,10);
INSERT INTO LOTACAO (LOTDATAINI,LOTSALARIOINI,LOTDATAFIM,LOTSALARIOFIM,DEPCODIGO,EMPCODIGO) VALUES	('2022-06-5',1000.00,'2022-05-20',5000.00,2,11);
INSERT INTO LOTACAO (LOTDATAINI,LOTSALARIOINI,LOTDATAFIM,LOTSALARIOFIM,DEPCODIGO,EMPCODIGO) VALUES	('2022-06-10',600.00,'2022-06-20',4500.00,3,12);
INSERT INTO LOTACAO (LOTDATAINI,LOTSALARIOINI,LOTDATAFIM,LOTSALARIOFIM,DEPCODIGO,EMPCODIGO) VALUES	('2022-07-02',2000.00,'2022-08-10',7000.00,4,13);
INSERT INTO LOTACAO (LOTDATAINI,LOTSALARIOINI,LOTDATAFIM,LOTSALARIOFIM,DEPCODIGO,EMPCODIGO) VALUES	('2022-5-23',1000.00,'2022-05-28',1050.00,5,14);




/*MOSTRA DADOS*/


SELECT * FROM EMPREGADO;
SELECT * FROM DEPARTAMENTO;
SELECT * FROM LOTACAO;



